Time,Computer,WindowsUser,MicrosoftAccount,AdAccount,Screen,Action,Target,Result,Details,TimeZone,ToolUser,ClientIP,ClientPC
"2026-10-08 17:35:09","MUSLIM_PC","MUSLIM_PC\Muslim","","","Tool login","Log in to the tool","infraadmin","Done","","UTC+03:00","Owner","::1","MUSLIM_PC (this PC)"
"2026-10-08 17:37:17","MUSLIM_PC","MUSLIM_PC\Muslim","","","Settings","Update uploaded","AdminConsole-2.11.0.zip","Done","Version 2.11.0 (running 2.10.2)","UTC+03:00 (Asia/Bahrain)","Owner","::1","MUSLIM_PC (this PC)"
"2026-10-08 17:37:32","MUSLIM_PC","MUSLIM_PC\Muslim","","","Settings","Update installed","2.10.2 -> 2.11.0","Done","52 files; backup AdminConsole-2.10.2-20261008-173731.zip","UTC+03:00 (Asia/Bahrain)","Owner","::1","MUSLIM_PC (this PC)"
"2026-10-08 17:48:17","MUSLIM_PC","MUSLIM_PC\Muslim","","","Tool login","Log in to the tool","infraadmin","Done","","UTC+03:00","Owner","::1","MUSLIM_PC (this PC)"
"2026-10-08 17:53:51","MUSLIM_PC","MUSLIM_PC\Muslim","","","Settings","Update uploaded","AdminConsole-2.11.1.zip","Done","Version 2.11.1 (running 2.11.0)","UTC+03:00 (Asia/Bahrain)","Owner","::1","MUSLIM_PC (this PC)"
"2026-10-08 17:54:58","MUSLIM_PC","MUSLIM_PC\Muslim","","","Settings","Update installed","2.11.0 -> 2.11.1","Done","52 files; backup AdminConsole-2.11.0-20261008-175457.zip","UTC+03:00 (Asia/Bahrain)","Owner","::1","MUSLIM_PC (this PC)"
"2026-10-08 17:56:21","MUSLIM_PC","MUSLIM_PC\Muslim","","","Tool login","Log in to the tool","infraadmin","Done","","UTC+03:00","Owner","::1","MUSLIM_PC (this PC)"
"2026-10-08 17:58:16","MUSLIM_PC","MUSLIM_PC\Muslim","","","Settings","Update uploaded","AdminConsole-2.11.3.zip","Done","Version 2.11.3 (running 2.11.1)","UTC+03:00 (Asia/Bahrain)","Owner","::1","MUSLIM_PC (this PC)"
"2026-10-08 17:58:49","MUSLIM_PC","MUSLIM_PC\Muslim","","","Settings","Update installed","2.11.1 -> 2.11.3","Done","53 files; backup AdminConsole-2.11.1-20261008-175848.zip","UTC+03:00 (Asia/Bahrain)","Owner","::1","MUSLIM_PC (this PC)"
"2026-10-08 18:00:05","MUSLIM_PC","MUSLIM_PC\Muslim","","","Tool login","Log in to the tool","infraadmin","Done","","UTC+03:00","Owner","::1","MUSLIM_PC (this PC)"
"2026-10-08 18:01:44","MUSLIM_PC","MUSLIM_PC\Muslim","","","Settings","Change AD server","","Done","mode=auto, server=192.168.1.20","UTC+03:00 (Asia/Bahrain)","Owner","::1","MUSLIM_PC (this PC)"
"2026-10-08 18:05:33","MUSLIM_PC","MUSLIM_PC\Muslim","","","Settings","Update uploaded","AdminConsole-2.11.6.zip","Done","Version 2.11.6 (running 2.11.3)","UTC+03:00 (Asia/Bahrain)","Owner","::1","MUSLIM_PC (this PC)"
"2026-10-08 18:05:47","MUSLIM_PC","MUSLIM_PC\Muslim","","","Settings","Update installed","2.11.3 -> 2.11.6","Done","54 files; backup AdminConsole-2.11.3-20261008-180546.zip","UTC+03:00 (Asia/Bahrain)","Owner","::1","MUSLIM_PC (this PC)"
"2026-10-08 18:10:56","MUSLIM_PC","MUSLIM_PC\Muslim","","","Tool login","Log in to the tool","infraadmin","Done","","UTC+03:00","Owner","::1","MUSLIM_PC (this PC)"
"2026-10-08 18:11:10","MUSLIM_PC","MUSLIM_PC\Muslim","","","Settings","Update uploaded","AdminConsole-2.11.7.zip","Done","Version 2.11.7 (running 2.11.6)","UTC+03:00 (Asia/Bahrain)","Owner","::1","MUSLIM_PC (this PC)"
"2026-10-08 18:11:22","MUSLIM_PC","MUSLIM_PC\Muslim","","","Settings","Update installed","2.11.6 -> 2.11.7","Done","53 files; backup AdminConsole-2.11.6-20261008-181121.zip","UTC+03:00 (Asia/Bahrain)","Owner","::1","MUSLIM_PC (this PC)"
"2026-10-08 18:12:25","MUSLIM_PC","MUSLIM_PC\Muslim","","","Tool login","Log in to the tool","infraadmin","Done","","UTC+03:00","Owner","::1","MUSLIM_PC (this PC)"
"2026-10-08 19:03:25","MUSLIM_PC","MUSLIM_PC\Muslim","","","Tool login","Log in to the tool","infraadmin","Done","","UTC+03:00 (Asia/Bahrain)","Owner","::1","MUSLIM_PC (this PC)"
"2026-10-08 19:03:39","MUSLIM_PC","MUSLIM_PC\Muslim","","","Settings","Update uploaded","AdminConsole-2.11.9.zip","Done","Version 2.11.9 (running 2.11.7)","UTC+03:00 (Asia/Bahrain)","Owner","::1","MUSLIM_PC (this PC)"
"2026-10-08 19:03:52","MUSLIM_PC","MUSLIM_PC\Muslim","","","Settings","Update installed","2.11.7 -> 2.11.9","Done","54 files; backup AdminConsole-2.11.7-20261008-190351.zip","UTC+03:00 (Asia/Bahrain)","Owner","::1","MUSLIM_PC (this PC)"
"2026-10-08 19:07:12","MUSLIM_PC","MUSLIM_PC\Muslim","","","Tool login","Log in to the tool","infraadmin","Done","","UTC+03:00","Owner","::1","MUSLIM_PC (this PC)"
"2026-10-08 19:20:13","MUSLIM_PC","MUSLIM_PC\Muslim","","","Settings","Update uploaded","AdminConsole-2.11.11.zip","Done","Version 2.11.11 (running 2.11.9)","UTC+03:00 (Asia/Bahrain)","Owner","::1","MUSLIM_PC (this PC)"
"2026-10-08 19:20:26","MUSLIM_PC","MUSLIM_PC\Muslim","","","Settings","Update installed","2.11.9 -> 2.11.11","Done","54 files; backup AdminConsole-2.11.9-20261008-192025.zip","UTC+03:00 (Asia/Bahrain)","Owner","::1","MUSLIM_PC (this PC)"
"2026-10-08 19:21:46","MUSLIM_PC","MUSLIM_PC\Muslim","","","Tool login","Log in to the tool","infraadmin","Done","","UTC+03:00","Owner","::1","MUSLIM_PC (this PC)"
"2026-10-08 19:34:57","MUSLIM_PC","MUSLIM_PC\Muslim","","","Settings","Update uploaded","AdminConsole-2.11.12.zip","Done","Version 2.11.12 (running 2.11.11)","UTC+03:00 (Asia/Bahrain)","Owner","::1","MUSLIM_PC (this PC)"
"2026-10-08 19:35:14","MUSLIM_PC","MUSLIM_PC\Muslim","","","Settings","Update installed","2.11.11 -> 2.11.12","Done","54 files; backup AdminConsole-2.11.11-20261008-193513.zip","UTC+03:00 (Asia/Bahrain)","Owner","::1","MUSLIM_PC (this PC)"
